<?xml version="1.0" ?>

<container xmlns="http://symfony.com/schema/dic/services"
    xmlns:xsi="http://www.w3.org/2001/XMLSchema-instance"
    xsi:schemaLocation="http://symfony.com/schema/dic/services http://symfony.com/schema/dic/services/services-1.0.xsd">

    <services>

        <service id="fos_rest.view_response_listener" class="FOS\RestBundle\EventListener\ViewResponseListener">
            <tag name="kernel.event_subscriber" />
            <argument type="service" id="fos_rest.view_handler" />
            <argument /> <!-- force view -->
            <argument type="service" id="annotation_reader" on-invalid="null"/>
        </service>

    </services>
</container>
