<?xml version="1.0" ?>
<container xmlns="http://symfony.com/schema/dic/services"
    xmlns:xsi="http://www.w3.org/2001/XMLSchema-instance"
    xsi:schemaLocation="http://symfony.com/schema/dic/services http://symfony.com/schema/dic/services/services-1.0.xsd">

    <services>
        <!-- Commands -->
        <service id="nelmio_api_doc.command.dump" class="Nelmio\ApiDocBundle\Command\DumpCommand" public="true">
            <argument type="service" id="nelmio_api_doc.render_docs" />
            <tag name="console.command" command="nelmio:apidoc:dump" />
        </service>

        <!-- Controllers -->
        <service id="nelmio_api_doc.controller.swagger_ui" class="Nelmio\ApiDocBundle\Controller\SwaggerUiController" public="true">
            <argument type="service" id="nelmio_api_doc.render_docs" />
            <argument type="string">swaggerui</argument>
        </service>

        <service id="nelmio_api_doc.controller.redocly" class="Nelmio\ApiDocBundle\Controller\SwaggerUiController" public="true">
            <argument type="service" id="nelmio_api_doc.render_docs" />
            <argument type="string">redocly</argument>
        </service>

        <service id="nelmio_api_doc.controller.stoplight" class="Nelmio\ApiDocBundle\Controller\SwaggerUiController" public="true">
            <argument type="service" id="nelmio_api_doc.render_docs" />
            <argument type="string">stoplight</argument>
        </service>

        <service id="nelmio_api_doc.controller.swagger" alias="nelmio_api_doc.controller.swagger_json" public="true" />

        <service id="nelmio_api_doc.controller.swagger_json" class="Nelmio\ApiDocBundle\Controller\DocumentationController" public="true">
            <argument type="service" id="nelmio_api_doc.render_docs" />
        </service>

        <service id="nelmio_api_doc.controller.swagger_yaml" class="Nelmio\ApiDocBundle\Controller\YamlDocumentationController" public="true">
            <argument type="service" id="nelmio_api_doc.render_docs" />
        </service>

        <!-- Render -->
        <service id="nelmio_api_doc.render_docs" class="Nelmio\ApiDocBundle\Render\RenderOpenApi" public="true">
            <argument type="service" id="nelmio_api_doc.generator_locator" />
            <argument type="service" id="nelmio_api_doc.render_docs.json" />
            <argument type="service" id="nelmio_api_doc.render_docs.yaml" />
            <argument type="service" id="nelmio_api_doc.render_docs.html" on-invalid="ignore" />
        </service>
        <service id="nelmio_api_doc.render_docs.html" class="Nelmio\ApiDocBundle\Render\Html\HtmlOpenApiRenderer" public="false">
            <argument type="service" id="twig" />
            <argument type="collection" />
        </service>
        <service id="nelmio_api_doc.render_docs.html.asset" class="Nelmio\ApiDocBundle\Render\Html\GetNelmioAsset" public="false">
            <argument type="service" id="twig.extension.assets" />

            <tag name="twig.extension" />
        </service>
        <service id="nelmio_api_doc.render_docs.json" class="Nelmio\ApiDocBundle\Render\Json\JsonOpenApiRenderer" public="false">
        </service>
        <service id="nelmio_api_doc.render_docs.yaml" class="Nelmio\ApiDocBundle\Render\Yaml\YamlOpenApiRenderer" public="false">
        </service>

        <!-- Swagger Spec Generator -->
        <service id="nelmio_api_doc.generator" alias="nelmio_api_doc.generator.default" public="true" />

        <service id="nelmio_api_doc.controller_reflector" class="Nelmio\ApiDocBundle\Util\ControllerReflector" public="false">
            <argument type="service" id="service_container" />
        </service>

        <!-- Describers -->
        <service id="nelmio_api_doc.describers.config" class="Nelmio\ApiDocBundle\Describer\ExternalDocDescriber" public="false">
            <argument type="collection" />

            <tag name="nelmio_api_doc.describer" priority="1000" />
        </service>

        <service id="nelmio_api_doc.describers.default" class="Nelmio\ApiDocBundle\Describer\DefaultDescriber" public="false">
            <tag name="nelmio_api_doc.describer" priority="-1000" />
        </service>

        <!-- Routing Describers -->
        <service id="nelmio_api_doc.route_describers.route_metadata" class="Nelmio\ApiDocBundle\RouteDescriber\RouteMetadataDescriber" public="false">
            <tag name="nelmio_api_doc.route_describer" priority="-300" />
        </service>

        <!-- Model Describers -->
        <service id="nelmio_api_doc.model_describers.self_describing" class="Nelmio\ApiDocBundle\ModelDescriber\SelfDescribingModelDescriber" public="false">
            <tag name="nelmio_api_doc.model_describer" priority="1000" />
        </service>

        <service id="nelmio_api_doc.model_describers.object" class="Nelmio\ApiDocBundle\ModelDescriber\ObjectModelDescriber" public="false">
            <argument type="service" id="property_info" />
            <argument type="service" id="nelmio_api_doc.object_model.property_describer" />
            <argument />
            <argument type="service" id="serializer.name_converter.metadata_aware" on-invalid="ignore" />
            <argument>%nelmio_api_doc.use_validation_groups%</argument>
            <argument type="service" id="serializer.mapping.class_metadata_factory" on-invalid="ignore" />

            <tag name="nelmio_api_doc.model_describer" />
        </service>

        <service id="nelmio_api_doc.model_describers.enum" class="Nelmio\ApiDocBundle\ModelDescriber\EnumModelDescriber" public="false">
            <tag name="nelmio_api_doc.model_describer" priority="100"/>
        </service>

        <service id="nelmio_api_doc.model_describers.object_fallback" class="Nelmio\ApiDocBundle\ModelDescriber\FallbackObjectModelDescriber" public="false">
            <tag name="nelmio_api_doc.model_describer" priority="-1000" />
        </service>

        <!-- Property Describers -->
        <service id="nelmio_api_doc.object_model.property_describer" class="Nelmio\ApiDocBundle\PropertyDescriber\PropertyDescriber" public="false">
            <argument type="tagged_iterator" tag="nelmio_api_doc.object_model.property_describer" />

            <tag name="nelmio_api_doc.object_model.property_describer" priority="100" />
        </service>

        <service id="nelmio_api_doc.object_model.property_describers.array" class="Nelmio\ApiDocBundle\PropertyDescriber\ArrayPropertyDescriber" public="false">
            <tag name="nelmio_api_doc.object_model.property_describer" priority="-1000" />
        </service>

        <service id="nelmio_api_doc.object_model.property_describers.dictionary" class="Nelmio\ApiDocBundle\PropertyDescriber\DictionaryPropertyDescriber" public="false">
            <tag name="nelmio_api_doc.object_model.property_describer" priority="-1000" />
        </service>

        <service id="nelmio_api_doc.object_model.property_describers.boolean" class="Nelmio\ApiDocBundle\PropertyDescriber\BooleanPropertyDescriber" public="false">
            <tag name="nelmio_api_doc.object_model.property_describer" priority="-1000" />
        </service>

        <service id="nelmio_api_doc.object_model.property_describers.float" class="Nelmio\ApiDocBundle\PropertyDescriber\FloatPropertyDescriber" public="false">
            <tag name="nelmio_api_doc.object_model.property_describer" priority="-1000" />
        </service>

        <service id="nelmio_api_doc.object_model.property_describers.integer" class="Nelmio\ApiDocBundle\PropertyDescriber\IntegerPropertyDescriber" public="false">
            <tag name="nelmio_api_doc.object_model.property_describer" priority="-1000" />
        </service>

        <service id="nelmio_api_doc.object_model.property_describers.string" class="Nelmio\ApiDocBundle\PropertyDescriber\StringPropertyDescriber" public="false">
            <tag name="nelmio_api_doc.object_model.property_describer" priority="-1000" />
        </service>

        <service id="nelmio_api_doc.object_model.property_describers.date_time" class="Nelmio\ApiDocBundle\PropertyDescriber\DateTimePropertyDescriber" public="false">
            <tag name="nelmio_api_doc.object_model.property_describer" priority="-1000" />
        </service>

        <service id="nelmio_api_doc.object_model.property_describers.nullable" class="Nelmio\ApiDocBundle\PropertyDescriber\NullablePropertyDescriber" public="false">
            <tag name="nelmio_api_doc.object_model.property_describer" />
        </service>

        <service id="nelmio_api_doc.object_model.property_describers.object" class="Nelmio\ApiDocBundle\PropertyDescriber\ObjectPropertyDescriber" public="false">
            <tag name="nelmio_api_doc.object_model.property_describer" priority="-1000" />
        </service>

        <service id="nelmio_api_doc.object_model.property_describers.compound" class="Nelmio\ApiDocBundle\PropertyDescriber\CompoundPropertyDescriber" public="false">
            <tag name="nelmio_api_doc.object_model.property_describer" priority="-1000" />
        </service>

        <service id="nelmio_api_doc.object_model.property_describers.uuid" class="Nelmio\ApiDocBundle\PropertyDescriber\UuidPropertyDescriber" public="false">
            <tag name="nelmio_api_doc.object_model.property_describer" />
        </service>

        <service id="nelmio_api_doc.object_model.property_describers.translatable" class="Nelmio\ApiDocBundle\PropertyDescriber\TranslatablePropertyDescriber" public="false">
            <tag name="nelmio_api_doc.object_model.property_describer" />
        </service>

        <!-- Form Type Extensions -->

        <service id="nelmio_api_doc.form.documentation_extension" class="Nelmio\ApiDocBundle\Form\Extension\DocumentationExtension">
            <tag name="form.type_extension" extended-type="Symfony\Component\Form\Extension\Core\Type\FormType"/>
        </service>

        <!-- Swagger processors -->
        <service id="nelmio_api_doc.swagger.processor.nullable_property" class="Nelmio\ApiDocBundle\Processor\NullablePropertyProcessor">
            <tag name="nelmio_api_doc.swagger.processor" />
        </service>

        <!-- Type describers (symfony/type-info) -->
        <service id="nelmio_api_doc.type_describer.chain" class="Nelmio\ApiDocBundle\TypeDescriber\ChainDescriber" public="false">
            <argument type="tagged_iterator" tag="nelmio_api_doc.type_describer" />

            <tag name="nelmio_api_doc.type_describer" priority="1000" />
        </service>

        <service id="nelmio_api_doc.type_describer.array" class="Nelmio\ApiDocBundle\TypeDescriber\ArrayDescriber" public="false">
            <tag name="nelmio_api_doc.type_describer" priority="-1000" />
        </service>

        <service id="nelmio_api_doc.type_describer.bool" class="Nelmio\ApiDocBundle\TypeDescriber\BoolDescriber" public="false">
            <tag name="nelmio_api_doc.type_describer" priority="-1000" />
        </service>

        <service id="nelmio_api_doc.type_describer.class" class="Nelmio\ApiDocBundle\TypeDescriber\ClassDescriber" public="false">
            <tag name="nelmio_api_doc.type_describer" priority="-1000" />
        </service>

        <service id="nelmio_api_doc.type_describer.dictionary" class="Nelmio\ApiDocBundle\TypeDescriber\DictionaryDescriber" public="false">
            <tag name="nelmio_api_doc.type_describer" priority="-1000" />
        </service>

        <service id="nelmio_api_doc.type_describer.float" class="Nelmio\ApiDocBundle\TypeDescriber\FloatDescriber" public="false">
            <tag name="nelmio_api_doc.type_describer" priority="-1000" />
        </service>

        <service id="nelmio_api_doc.type_describer.integer" class="Nelmio\ApiDocBundle\TypeDescriber\IntegerDescriber" public="false">
            <tag name="nelmio_api_doc.type_describer" priority="-1000" />
        </service>

        <service id="nelmio_api_doc.type_describer.intersection" class="Nelmio\ApiDocBundle\TypeDescriber\IntersectionDescriber" public="false">
            <tag name="nelmio_api_doc.type_describer" priority="-1000" />
        </service>

        <service id="nelmio_api_doc.type_describer.list" class="Nelmio\ApiDocBundle\TypeDescriber\ListDescriber" public="false">
            <tag name="nelmio_api_doc.type_describer" priority="-1000" />
        </service>

        <service id="nelmio_api_doc.type_describer.mixed" class="Nelmio\ApiDocBundle\TypeDescriber\MixedDescriber" public="false">
            <tag name="nelmio_api_doc.type_describer" priority="-1000" />
        </service>

        <service id="nelmio_api_doc.type_describer.nullable" class="Nelmio\ApiDocBundle\TypeDescriber\NullableDescriber" public="false">
            <tag name="nelmio_api_doc.type_describer" priority="-950" />
        </service>

        <service id="nelmio_api_doc.type_describer.object" class="Nelmio\ApiDocBundle\TypeDescriber\ObjectDescriber" public="false">
            <tag name="nelmio_api_doc.type_describer" priority="-1000" />
        </service>

        <service id="nelmio_api_doc.type_describer.string" class="Nelmio\ApiDocBundle\TypeDescriber\StringDescriber" public="false">
            <tag name="nelmio_api_doc.type_describer" priority="-1000" />
        </service>

        <service id="nelmio_api_doc.type_describer.union" class="Nelmio\ApiDocBundle\TypeDescriber\UnionDescriber" public="false">
            <tag name="nelmio_api_doc.type_describer" priority="-1000" />
        </service>
    </services>

</container>
